,id
0,1502026416
1,2492782375
2,293212315
3,191839658
4,3020965143
5,2157382005
6,1947320929
7,255846106
8,1733095801
9,1336097480
10,380322177
11,32988810
12,21959183
13,1553611423
14,348080571
15,839690880
16,143687056
17,2291421004
18,225241810
19,52929021
20,1657000316
21,325967359
22,585912212
23,2419936286
24,2320414572
25,262531823
26,226315121
27,492649414
28,56554591
29,85193539
30,166211662
31,222290847
32,2765166293
33,2497379616
34,69991603
35,357747403
36,1141299306
37,37407255
38,112295272
39,208664282
40,348393966
41,1245621752
42,329481796
43,131043638
44,150183040
45,91287122
46,2244762307
47,344457551
48,2360378178
49,2400711853
50,32494880
51,2362812823
52,509255384
53,86565348
54,250207934
55,238040058
56,1376257824
57,714550385
58,474152548
59,1373517728
60,177906959
61,2248762537
62,462534253
63,93941188
64,22437394
65,1195136336
66,1956659528
67,1175224910
68,578904059
69,454183646
70,318040219
71,558782771
72,1425572605
73,50034798
74,2574200442
75,53114456
76,1495594020
77,1387377110
78,489714722
79,278811330
80,64534012
81,138472981
82,1727495887
83,440901699
84,185216671
85,32831822
86,2938551012
87,241347721
88,20301520
89,49709134
90,392080330
91,1120863444
92,2257926470
93,96815122
94,120833703
95,22798846
96,381753637
97,2718118608
98,1194760087
99,3140424071
100,434832511
101,468080275
102,622956477
103,149723283
104,742326175
105,2311184364
106,2251878995
107,2378140945
108,519445792
109,2920448851
110,252882696
111,41950696
112,2941150861
113,484522355
114,1874015534
115,59689509
116,1897930380
117,58702972
118,3164941860
119,110122113
120,866157062
121,231257304
122,208913421
123,229875064
124,136245387
125,745638440
126,1544322560
127,1505023116
128,119112245
129,368134512
130,485384525
131,2152052819
132,634704287
133,2557136665
134,92999280
135,372835779
136,1858934186
137,282427769
138,40219052
139,1408912964
140,40008819
141,777083114
142,24080811
143,990963038
144,448697610
145,110928853
146,2772354013
147,2799099042
148,400983194
149,14587971
150,121976265
151,2914171005
152,33764583
153,420189045
154,1668189836
155,375299270
156,23444554
157,1465761582
158,44686891
159,2561813863
160,2445641666
161,344317888
162,2511944460
163,2618119582
164,88345204
165,221475117
166,26528107
167,101669097
168,2977924797
169,2317599350
170,2202044150
171,73237856
172,3018260990
173,1135530474
174,235696520
175,2257069046
176,5812422
177,1086489391
178,2294138446
179,19325141
180,2596423866
181,100837759
182,887505716
183,80477690
184,250364288
185,505440359
186,3033858666
187,121268938
188,573301009
189,1456643797
190,56032903
191,1536909666
192,300264746
193,344261687
194,19849696
195,1057635702
196,713804306
197,613345676
198,1499931151
199,17801629
200,157029836
201,26203719
202,299271462
203,888320442
204,266794738
205,498418001
206,2347977979
207,2223611410
208,330169460
209,2210140580
210,21257459
211,874719912
212,2778387798
213,23808818
214,79894962
215,11630862
216,635818294
217,485273674
218,169194549
219,2563768914
220,990902802
221,1376920032
222,442079113
223,456357565
224,461572767
225,722623
226,139956067
227,18989002
228,359219562
229,147474106
230,902817020
231,18581153
232,275931291
233,578481944
234,208388521
235,457808323
236,2200425967
237,2785200258
238,2444483352
239,170554164
240,620078665
241,836742500
242,2243809497
243,18576332
244,798613004
245,985768968
246,428628035
247,19300510
248,14247395
249,763095612
250,2382912776
251,747385746
252,33651270
253,1311456667
254,304261771
255,1093553114
256,282506597
257,193609769
258,367414177
259,403783820
260,2224804969
261,468308770
262,1877304734
263,16484437
264,35377886
265,568015457
266,57549666
267,30059111
268,708043502
269,153690249
270,2828821663
271,44850701
272,1032838123
273,2508074020
274,2259016411
275,1561409924
276,764731350
277,113231814
278,250399342
279,16944013
280,368801289
281,45449023
282,2159485357
283,1353072290
284,333005444
285,323494341
286,492728332
287,630413999
288,589834497
289,1226238145
290,469595996
291,2983156296
292,250549433
293,2367477707
294,42244063
295,94735361
296,14391111
297,236449587
298,2654027174
299,228978063
300,2402922414
301,1333119788
302,450939144
303,25121744
304,2448332095
305,540416380
306,525965404
307,471512676
308,43897661
309,506892551
310,889661521
311,190114317
312,161662393
313,22201064
314,57572464
315,771812148
316,967352869
317,124359379
318,1280865181
319,225683965
320,1557371234
321,109139576
322,380143624
323,706364737
324,270654915
325,9272142
326,602307139
327,2868402013
328,546533556
329,961709562
330,210704864
331,469739735
332,621021228
333,2781727178
334,143217021
335,528800946
336,745579297
337,2697960505
338,2991390654
339,194476539
340,3061358054
341,2424503989
342,451144632
343,2735881390
344,421577024
345,59230786
346,546312443
347,80119212
348,27372659
349,872703248
350,1549052863
351,127037804
352,1424238228
353,298742535
354,165277911
355,220467586
356,232547074
357,535758794
358,48552476
359,2770511
360,490440829
361,1435964180
362,69379288
363,248453338
364,28088585
365,225248989
366,838827888
367,406510798
368,2903346739
369,1468885260
370,524913626
371,428641140
372,1338216625
373,402131078
374,304684588
375,612129754
376,96297290
377,157158598
378,42580296
379,266560801
380,545261627
381,2461920925
382,1546896846
383,83159701
384,101557278
385,409593977
386,56337417
387,26192354
388,1093261646
389,2325931652
390,2242993111
391,2916170922
392,532556025
393,587271182
394,547900413
395,56321548
396,79328703
397,1272060360
398,46841328
399,463045937
400,243850570
401,1190881465
402,403782011
403,1398673159
404,632368135
405,64965325
406,1853487314
407,20307019
408,392349274
409,563452765
410,False
411,2379422593
412,3026783043
413,2841853914
414,2899116833
415,616602934
416,98199469
417,1944581808
418,259849575
419,1390147280
420,434818530
421,2380148790
422,517160489
423,2455018318
424,297310680
425,503262878
426,54546468
427,465013390
428,245307045
429,1693274954
430,215982940
431,238588883
432,138637933
433,1094680927
434,1079378204
435,43476480
436,1438656991
437,23132833
438,72060994
439,1282062985
440,397983328
441,149421076
442,980981264
443,2587768189
444,341396015
445,1659710504
446,3027627954
447,29267129
448,1852825657
449,77441233
450,949432574
451,208147488
452,632503479
453,206329613
454,769339466
455,402917643
456,266900678
457,938206194
458,17283343
459,2233856637
460,15224719
461,749593849
462,19368233
463,2223969871
464,1073409068
465,172229393
466,427791119
467,368766578
468,2349866700
469,296606221
470,321465766
471,707697690
472,1301940242
473,95463236
474,217502590
475,33950491
476,110118205
477,330896147
478,599736873
479,1579380864
480,512918460
481,2168701743
482,202431280
483,2268198534
484,34308947
485,410165126
486,2193434506
487,294078783
488,176688197
489,1715241043
490,21671968
491,315478329
492,311835878
493,407770732
494,29552151
495,211397444
496,3054738993
497,948824810
498,548938182
499,296465140
500,2166124159
501,1021352646
502,114910555
503,306548180
504,910519015
505,147900782
506,303484324
507,106787019
508,571300130
509,571602303
510,576967621
511,317296274
512,621429721
513,1560481692
514,1027713949
515,148061189
516,149512577
517,704048113
518,391796089
519,2762444463
520,32688131
521,2245115129
522,2877567647
523,2387366902
524,169035707
525,322865349
526,96319587
527,83285256
528,2220325358
529,288923751
530,1144331803
531,243819894
532,328145177
533,83296294
534,243926487
535,81437114
536,1307962584
537,248827763
538,2499922645
539,1095345769
540,324487766
541,2514604339
542,116537112
543,839486461
544,1936513045
545,74785094
546,30146653
547,220450406
548,17520304
549,52660118
550,142074569
551,1340696474
552,201113766
553,40831469
554,175108392
555,2543328276
556,482865517
557,141977425
558,272264836
559,349152819
560,58649802
561,531007524
562,2955767954
563,2595828119
564,2994985944
565,93821152
566,1616084173
567,595827319
568,68915174
569,387026133
570,2891962836
571,1082033923
572,53389180
573,1890978697
574,1260499758
575,17455999
576,709885621
577,291570117
578,33696967
579,1712224658
580,358976197
581,524809586
582,28758925
583,18192239
584,400896343
585,756433608
586,32289927
587,2856367704
588,804830348
589,135192904
590,85677419
591,1543392469
592,1607411708
593,35551388
594,393480403
595,2738679910
596,162018954
597,532840492
598,541506684
599,299990409
600,2832903374
601,127895572
602,2670730536
603,753906162
604,593100391
605,1269622489
606,22951310
607,29396889
608,284102132
609,708035550
610,2983371691
611,348885670
612,123209387
613,1671101821
614,1465100186
615,1729686344
616,51625730
617,865789586
618,33411297
619,1392517694
620,452817554
621,361943550
622,2595110809
623,263920631
624,261781756
625,45627569
626,1104076022
627,1065027181
628,594142749
629,86235989
630,245812733
631,486111271
632,27244453
633,86805382
634,26683817
635,18510639
636,102895387
637,2323069159
638,24197313
639,412754103
640,424328175
641,2218308561
642,603047832
643,28757342
644,40897354
645,333078665
646,1114707913
647,53308462
648,568388087
649,2334997532
650,2193685661
651,335080461
652,128266623
653,2971533842
654,1527066073
655,363991245
656,21714748
657,152077459
658,636764655
659,58983782
660,545516275
661,33726503
662,32628646
663,91823642
664,51465730
665,969199590
666,2290521421
667,433559911
668,146252687
669,2398614422
670,913855980
671,297808691
672,27014940
673,363309757
674,2169418620
675,167099444
676,23413533
677,624223536
678,2287761206
679,546074374
680,612832024
681,159691975
682,216112755
683,574566147
684,898427606
685,455802121
686,405970201
687,392963387
688,1370908110
689,27493957
690,1535051239
691,1690030831
692,2425786212
693,1408968848
694,2265815350
695,315458934
696,104960620
697,1347167636
698,50252197
699,1136566969
700,2987929881
701,1715023975
702,2505586309
703,143405692
704,636709756
705,2240095033
706,1689315170
707,282616462
708,2433146611
709,21253156
710,624058980
711,2408175668
712,366407174
713,1648972316
714,2460935354
715,472301455
716,2927086706
717,1403795054
718,422839809
719,2937792273
720,70557274
721,85826876
722,392385320
723,343749080
724,182276961
725,413056775
726,1392978859
727,14982885
728,98596642
729,243060684
730,1321364888
731,35942782
732,1232534634
733,36874110
734,78967328
735,339444631
736,221187678
737,49691940
738,1069354226
739,1116301764
740,446905532
741,430979463
742,2285711065
743,14307043
744,604176461
745,1200888036
746,430588488
747,2156476916
748,15888676
749,2680793168
750,156751025
751,1321733300
752,391650964
753,1654056680
754,1646872513
755,536234966
756,797268164
757,539977804
758,291594394
759,101098094
760,233444535
761,520328342
762,887026338
763,2719640706
764,66789784
765,495020496
766,1476770959
767,316120129
768,183765902
769,477542555
770,3042681007
771,232678324
772,619201618
773,1381970808
774,2374759993
775,2238512887
776,428421268
777,2157249587
778,19478719
779,58292961
780,251905557
781,1161256308
782,546096491
783,1433206302
784,99716926
785,2907385266
786,332829606
787,2174730115
788,3888491
789,3037199234
790,599745022
791,219404734
792,1023331706
793,625400643
794,215533065
795,85067793
796,14235705
797,108701807
798,429789520
799,60278487
800,83390456
801,564336147
802,242205664
803,1478592602
804,3054142278
805,300374583
806,1041326394
807,3116708222
808,65984518
809,128111467
810,241157629
811,707660496
812,77558505
813,369285103
814,2596494170
815,208200663
816,541711129
817,3087465981
818,251633570
819,42401379
820,456150594
821,25693756
822,352944559
823,140717029
824,555411470
825,2250794221
826,571579758
827,426334161
828,213261669
829,28340717
830,85841150
831,811928833
832,256256185
833,21281949
834,455950099
835,2510903360
836,2347768868
837,46961288
838,1736045779
839,57376225
840,120705454
841,407225208
842,2158122428
843,1167773802
844,3037256261
845,97484136
846,1478531461
847,30750923
848,559486409
849,188961582
850,1083991861
851,40502358
852,954799494
853,139250696
854,2555419261
855,35941580
856,274285556
857,1620466530
858,2668485740
859,18463828
860,309132692
861,1343220962
862,40812882
863,2484023400
864,481994964
865,760936026
866,541142436
867,29867936
868,289732005
869,554242271
870,141223622
871,3069153899
872,2886779494
873,93127862
874,14791386
875,253339095
876,1723943414
877,50357236
878,2377001464
879,1016015984
880,57591732
881,343120924
882,108135829
883,2840265139
884,221898604
885,1182170533
886,247542139
887,17127177
888,169035705
889,20412275
890,25793082
891,101119770
892,2236885646
893,1099915572
894,538794415
895,490712110
896,2881123344
897,14265485
898,82841878
899,1344649519
900,55645968
901,286252274
902,2739198699
903,412867492
904,2182527116
905,324540065
906,24295753
907,1419394196
908,22207145
909,1580923315
910,276716600
911,2547392351
912,2411423599
913,38788028
914,231211273
915,61099098
916,2924491016
917,202355526
918,317316490
919,289311242
920,96949557
921,147528665
922,322427517
923,2751215943
924,1675170325
925,52993590
926,24255637
927,170923442
928,397456840
929,241106682
930,332630514
931,405166123
932,407393059
933,483204176
934,375202148
935,306963108
936,147453955
937,246418381
938,1038481676
939,198656514
940,2485239744
941,2958717386
942,2855490757
943,2560481616
944,141883652
945,82869657
946,969049261
947,2752242934
948,222374256
949,332447134
950,359572064
951,243006068
952,62739096
953,378228984
954,574527335
955,104213670
956,2192767087
957,40247721
958,277363046
959,2266004940
960,461581109
961,2837521193
962,1109943607
963,290054590
964,368834865
965,126967628
966,337602566
967,605838742
968,21425831
969,230081713
970,43015189
971,317504975
972,2177075531
973,26135125
974,3021545411
975,192101699
976,1388623428
977,345901028
978,149245813
979,19406030
980,249745453
981,158169328
982,1368782322
983,269193431
984,308119946
985,88101280
986,240561724
987,191365906
988,3019910341
989,466762451
990,360270369
991,169880327
992,54216535
993,120562410
994,442443737
995,1919094559
996,529296936
997,1514794812
998,887281
999,2894191999
1000,102589750
1001,578423244
1002,346722822
1003,2157440777
1004,296118251
1005,1258379012
1006,83585169
1007,2987328444
1008,49446305
1009,1424254694
1010,22020084
1011,567764993
1012,754659732
1013,1669189561
1014,1813221
1015,199196176
1016,100678199
1017,600867440
1018,266853959
1019,415835711
1020,331917385
1021,178629201
1022,236180754
1023,1065256472
1024,2166704005
1025,1658187564
1026,2823645935
1027,493747804
1028,135176594
1029,69124342
1030,715457424
1031,2364038797
1032,3073742769
1033,535206680
1034,505433014
1035,20197815
1036,623599125
1037,27623289
1038,189795889
1039,2760644556
1040,2807953832
1041,3008769098
1042,24816799
1043,391142014
1044,186240101
1045,124063096
1046,105825351
1047,128143965
1048,121080165
1049,140356430
1050,260192279
1051,377770205
1052,465119611
1053,3007221672
1054,215777333
1055,571771309
1056,832472995
1057,381435936
1058,490044117
1059,119670279
1060,701708133
1061,1079474076
1062,497557514
1063,96352997
1064,3045548305
1065,385121466
1066,38433789
1067,394990669
1068,1279603333
1069,1897403821
1070,2969210974
1071,3071424482
1072,759715687
1073,464841709
1074,24663107
1075,1484793769
1076,43761179
1077,103954508
1078,2409687396
1079,224109135
1080,429417419
1081,574959037
1082,2326631202
1083,472680358
1084,1930770414
1085,338151653
1086,2236789484
1087,515162435
1088,3156622237
1089,549416195
1090,178165647
1091,423893707
1092,107532977
1093,35248593
1094,248514658
1095,290925883
1096,2343128508
1097,163523407
1098,2726879335
1099,159209237
1100,338055297
1101,413568215
1102,703103822
1103,259139318
1104,2180236966
1105,602628071
1106,2388698077
1107,46331521
1108,15321243
1109,441497987
1110,2444804780
1111,522769833
1112,22755015
1113,989957600
1114,427733260
1115,489042575
1116,601689477
1117,2570158173
1118,2314131617
1119,1735191102
1120,513517863
1121,293548550
1122,138153345
1123,420286278
1124,1448024869
1125,369540172
1126,28298712
1127,741430021
1128,2955939538
1129,499737312
1130,406826769
1131,1486885212
1132,406814679
1133,979778874
1134,626214967
1135,82861813
1136,548855295
1137,783425629
1138,17749741
1139,258201974
1140,3044923343
1141,446546808
1142,2990973880
1143,242850274
1144,621379439
1145,206570295
1146,183511605
1147,2854036705
1148,409477898
1149,333369123
1150,900906391
1151,3023729952
1152,9605632
1153,372589032
1154,364271755
1155,1064224524
1156,48460955
1157,2539215060
1158,842433025
1159,83479877
1160,1916380340
1161,408114155
1162,323327904
1163,99494968
1164,74602378
1165,17889654
1166,275325886
1167,448568830
1168,36234951
1169,101782663
1170,22437649
1171,2783924411
1172,2711204644
1173,631835073
1174,2162414595
1175,409624188
1176,16957615
1177,372841412
1178,329285009
1179,355830456
1180,535959372
1181,126253754
1182,2546760463
1183,1202825384
1184,233032914
1185,17078096
1186,379972176
1187,18046941
1188,1320794574
1189,1241381473
1190,349796717
1191,708675441
1192,157900625
1193,47291639
1194,122185782
1195,1148751751
1196,164983683
1197,152742559
1198,151969817
1199,3014424879
1200,364275391
1201,300442252
1202,48928145
1203,360135769
1204,545443019
1205,382091413
1206,952729381
1207,1419791899
1208,609710517
1209,116356889
1210,2905689080
1211,27611640
1212,3035191778
1213,2420671208
1214,2218471903
1215,588325943
1216,164380206
1217,373078372
1218,26022358
1219,505119515
1220,2556806512
1221,1021644026
1222,175048691
1223,19759124
1224,209439268
1225,505959713
1226,474784082
1227,2903105255
1228,93499764
1229,2292961440
1230,1098069500
1231,364732824
1232,382624095
1233,323645838
1234,583341504
1235,485265056
1236,2577885343
1237,2462247966
1238,155097464
1239,1093647505
1240,382277476
1241,21026345
1242,702032586
1243,1540042063
1244,435525360
1245,25965427
1246,715713548
1247,362675330
1248,24164443
1249,60811341
1250,2906440417
1251,2995201671
1252,2782020204
1253,153162975
1254,2365719643
1255,556451163
1256,568841497
1257,311262395
1258,169476725
1259,2150448842
1260,58134552
1261,725451396
1262,241348252
1263,1598985114
1264,1494933882
1265,92855492
1266,27119540
1267,355393230
1268,482179475
1269,341409781
1270,42173055
1271,826579765
1272,2160196098
1273,136173007
1274,438955880
1275,792459126
1276,150993495
1277,973526449
1278,2842348640
1279,398070178
1280,253477677
1281,1102593332
1282,406332336
1283,2741318910
1284,439704967
1285,713267078
1286,1244458130
1287,71074298
1288,1587171373
1289,459937526
1290,64254224
1291,105158846
1292,1088449490
1293,6834152
1294,264744377
1295,1855455756
1296,324351388
1297,3006132699
1298,2825955758
1299,619384294
1300,303899090
1301,46751718
1302,237378862
1303,18441380
1304,48213787
1305,890089172
1306,213809707
1307,864175890
1308,571446535
1309,470696070
1310,345505380
1311,88243642
1312,578716380
1313,617872589
1314,3067452169
1315,2471671369
1316,81959485
1317,307161588
1318,55752571
1319,512155932
1320,2373660215
1321,32682158
1322,420915061
1323,400264347
1324,40241204
1325,826381566
1326,625846473
1327,1497748189
1328,405167133
1329,2884619608
1330,2574860244
1331,198270955
1332,161547148
1333,2184985344
1334,45598301
1335,706947397
1336,2484688494
1337,21345227
1338,1171310826
1339,328109427
1340,2266954628
1341,28433521
1342,3102456115
1343,59104830
1344,309564645
1345,2790601415
1346,733923254
1347,2382595122
1348,297449289
1349,2953622813
1350,392792633
1351,839780275
1352,517686267
1353,3008527726
1354,292913844
1355,59770627
1356,765938719
1357,158821864
1358,1487214566
1359,1961432316
1360,21388359
1361,246568420
1362,2251504327
1363,44193456
1364,32255772
1365,705091824
1366,977387497
1367,381715808
1368,125300190
1369,3159993463
1370,986137579
1371,240167062
1372,707309749
1373,12922462
1374,2952182278
1375,2523776705
1376,68993180
1377,41242157
1378,2435927136
1379,170217521
1380,214678407
1381,633487271
1382,1018910047
1383,188095917
1384,1167654380
1385,2936733162
1386,338141714
1387,188615999
1388,152194153
1389,3064024502
1390,18997161
1391,20114963
1392,2385954293
1393,21238673
1394,338558835
1395,174430412
1396,399704801
1397,1676639478
1398,344101300
1399,634132438
1400,82017721
1401,141456533
1402,1649895942
1403,1944374017
1404,935670277
1405,3061549116
1406,29710654
1407,67529607
1408,2730458366
1409,43168457
1410,427142258
1411,308236961
1412,2288867162
1413,287710138
1414,2182611791
1415,436290312
1416,1950803306
1417,1655718626
1418,406524900
1419,2324994222
1420,938591077
1421,379406653
1422,1053161654
1423,2912553260
1424,1622903894
1425,737521098
1426,370263238
1427,2483152884
1428,2793173572
1429,2662897087
1430,288255849
1431,1100359458
1432,379472749
1433,2291374914
1434,2593282854
1435,2473194049
1436,2578194194
1437,209459007
1438,2225775155
1439,848583559
1440,14851579
1441,1664307984
1442,186940042
1443,716455623
1444,563154848
1445,2615998837
1446,325974029
1447,427130304
1448,1576039274
1449,144774872
1450,2658726517
1451,185322197
1452,276078091
1453,732621438
1454,20467948
1455,1607335778
1456,1252098630
1457,19190434
1458,528891726
1459,1238285838
1460,1578638418
1461,2482378631
1462,2363692152
1463,1967103792
1464,1377138666
1465,396166599
1466,401032062
1467,2774497975
1468,261706356
1469,130705183
1470,125584035
1471,267708547
1472,44660556
1473,2260634148
1474,1275604747
1475,58450507
1476,2408316429
1477,2886020913
1478,516669107
1479,131756896
1480,14626600
1481,413605766
1482,2187570536
1483,16945428
1484,2995056686
1485,351621566
1486,542451912
1487,2747460026
1488,932014148
1489,215545290
1490,2230659451
1491,54125633
1492,321370989
1493,389420114
1494,25759948
1495,2433591068
1496,2495558156
1497,2181612314
1498,63195881
1499,29745877
1500,146532407
1501,69310149
1502,67900288
1503,14418605
1504,637078645
1505,43289403
1506,1048132836
1507,282464049
1508,128014272
1509,2872359762
1510,2733873854
1511,1403557327
1512,15871870
1513,1355537995
1514,1279160827
1515,2402411230
1516,2457848317
1517,306866704
1518,2579534268
1519,1656192235
1520,855966678
1521,2662011020
1522,711316272
1523,1566113330
1524,86303760
1525,985355946
1526,2178643974
1527,115785153
1528,269513111
1529,175251304
1530,1902706704
1531,1973718595
1532,1375854145
1533,978061147
1534,534863518
1535,387957169
1536,14739109
1537,15809964
1538,45689818
1539,335821350
1540,2312903347
1541,751737240
1542,15097876
1543,488351800
1544,2949992353
1545,41062153
1546,100120312
1547,489250568
1548,2969720312
1549,259586390
1550,824478204
1551,46546834
1552,2949559526
1553,152644666
1554,581063737
1555,149587895
1556,2709334834
1557,16459227
1558,30089873
1559,100043740
1560,1978360040
1561,2733227221
1562,1320810841
1563,589910604
1564,2917041211
1565,11690822
1566,360103083
1567,383684750
1568,2933515420
1569,1378532629
1570,353838344
1571,2459139950
1572,28605490
1573,2467442030
1574,496454090
1575,60466160
1576,50606582
1577,174935239
1578,3023728826
1579,1335843954
1580,1604160445
1581,301385617
1582,535537105
1583,215443582
1584,126921664
1585,2572457298
1586,53414756
1587,1901069808
1588,406817411
1589,3083276729
1590,216764338
1591,2863376295
1592,60295206
1593,2589659833
1594,1066996903
1595,867362504
1596,2359388502
1597,125588500
1598,1967918335
1599,485873421
1600,618739366
1601,3041232600
1602,2717999764
1603,95114532
1604,165952010
1605,2273502326
1606,1613091608
1607,1978992043
1608,2379302060
1609,18313402
1610,261200361
1611,384467809
1612,1548116401
1613,394475545
1614,327248460
1615,1327412370
1616,169157567
1617,1306528686
1618,156507082
1619,20455924
1620,541515522
1621,1888349131
1622,54823083
1623,456566531
1624,2294724187
1625,97451169
1626,143409569
1627,1269835369
1628,225281874
1629,71762592
1630,281685368
1631,1143583040
1632,264916005
1633,42207885
1634,2244691130
1635,2256345201
1636,2812981237
1637,2316340358
1638,15044720
1639,2765167353
1640,3027734638
1641,39220893
1642,254427395
1643,2323690855
1644,95754584
1645,87334609
1646,2318172799
1647,566807971
1648,448547670
1649,2739587275
1650,335762338
1651,634186396
1652,1126650913
1653,39260049
1654,609166669
1655,480748987
1656,890331415
1657,614770385
1658,630467723
1659,2478853586
1660,365257073
1661,382920162
1662,887636821
1663,22638250
1664,1307298884
1665,29293281
1666,170166775
1667,306934818
1668,351277773
1669,357897494
1670,54666401
1671,32148675
1672,2276634303
1673,620404975
1674,18273041
1675,750002538
1676,1925081953
1677,319058754
1678,1361191681
1679,396389071
1680,23125871
1681,2954324322
1682,2476205954
1683,969577423
1684,3027846710
1685,2477931252
1686,44526814
1687,873348012
1688,380103223
1689,144780803
1690,2482903400
1691,68566691
1692,2187391320
1693,8711952
1694,2756700976
1695,148404674
1696,18473173
1697,23396217
1698,1267147380
1699,268101774
1700,132897398
1701,1862083502
1702,192114883
1703,551846148
1704,77954126
1705,1641056737
1706,383744021
1707,382481131
1708,627054366
1709,1726804830
1710,14558848
1711,1912438170
1712,249496407
1713,818751600
1714,376821900
1715,832148293
1716,74707817
1717,392330341
1718,84224606
1719,1664238487
1720,14300066
1721,125853306
1722,243452188
1723,806585
1724,2739111941
1725,408707585
1726,18378944
1727,192521333
1728,592043234
1729,21289751
1730,2630889296
1731,586169941
1732,250019502
1733,67367320
1734,16180264
1735,2414685276
1736,197323804
1737,714301764
1738,1534616766
1739,279301234
1740,135640383
1741,2807614563
1742,3019544798
1743,2912738448
1744,151855545
1745,251518992
1746,3007416344
1747,261762296
1748,947495665
1749,231721237
1750,2320291898
1751,215668563
1752,2756014000
1753,1132672532
1754,1908684955
1755,2450759503
1756,807804577
1757,727580406
1758,108544977
1759,583127247
1760,1262434507
1761,2943587680
1762,14522589
1763,451417227
1764,84464758
1765,40108440
1766,2989316931
1767,997997443
1768,3070794500
1769,283036840
1770,140138671
1771,438362574
1772,164284493
1773,67530757
1774,256051523
1775,2669288630
1776,1199714941
1777,36559020
1778,2903774120
1779,521039918
1780,1306882627
1781,182211050
1782,225618739
1783,24984561
1784,980194370
1785,37200902
1786,258754118
1787,23567222
1788,1167508879
1789,384049728
1790,560990422
1791,53375745
1792,970920062
1793,487251929
1794,2846002106
1795,853279890
1796,2841340464
1797,401575582
1798,98225491
1799,423666184
1800,991128044
1801,29062641
1802,1963501656
1803,1116630582
1804,379444527
1805,48726258
1806,1965238770
1807,2368935961
1808,2568104706
1809,2640471185
1810,67314915
1811,226773156
1812,30147416
1813,44306351
1814,2540601979
1815,560480786
1816,598686645
1817,3101626597
1818,93629172
1819,428278225
1820,1657329912
1821,2429723097
1822,192499649
1823,2316260946
1824,293359929
1825,11174562
1826,264174172
1827,42002841
1828,447309305
1829,114370111
1830,1518279440
1831,1408624424
1832,1567476296
1833,634641130
1834,2719281767
1835,313928644
1836,508397359
1837,563781857
1838,2908618777
1839,544758247
1840,172207449
1841,160139625
1842,101704239
1843,19254862
1844,604582383
1845,3013481653
1846,129966627
1847,19600027
1848,255792707
1849,481913106
1850,169489617
1851,596665611
1852,211449302
1853,234655327
1854,2505222079
1855,74687897
1856,1115932554
1857,1061289924
1858,387910538
1859,31307539
1860,11086752
1861,2800412189
1862,816352328
1863,41216470
1864,2735506782
1865,321649661
1866,270646246
1867,720850946
1868,208691905
1869,2682782132
1870,2897127823
1871,19752959
1872,621615487
1873,212634789
1874,595387862
1875,2725164703
1876,2269218732
1877,18065895
1878,772157005
1879,102934444
1880,2331598592
1881,26152572
1882,1144070936
1883,23498472
1884,312299420
1885,2533933819
1886,2567206992
1887,1057015448
1888,2445845880
1889,1585408250
1890,1886647662
1891,1421737704
1892,361930545
1893,1547325224
1894,2167115233
1895,2275686336
1896,25711830
1897,1385409996
1898,25085431
1899,854710872
1900,2943103386
1901,797250055
1902,2725087704
1903,176387861
1904,2353354449
1905,1323524694
1906,109577056
1907,55469952
1908,55755826
1909,573221967
1910,2210092394
1911,857270408
1912,211564378
1913,612924270
1914,634906665
1915,3146523464
1916,58965654
1917,402401015
1918,23026561
1919,60266520
1920,8657052
1921,17284137
1922,2269483532
1923,545079947
1924,2665397285
1925,520499857
1926,512028125
1927,2942835475
1928,1442637312
1929,175335285
1930,140288349
1931,551611541
1932,1320009336
1933,2957667296
1934,150873009
1935,79057935
1936,28588774
1937,1107518088
1938,134172658
1939,2211561347
1940,2272589820
1941,743585972
1942,2407501640
1943,210789285
1944,220602388
1945,5856182
1946,2732060316
1947,14962822
1948,602691923
1949,3013763124
1950,127109283
1951,2827521307
1952,2522330416
1953,1295592296
1954,303230515
1955,1413053256
1956,61415912
1957,64050052
1958,66050763
1959,132348922
1960,135805452
1961,255912008
1962,195188594
1963,709681854
1964,156049671
1965,378212352
1966,284859729
1967,22812325
1968,454540684
1969,14573824
1970,45859110
1971,882612318
1972,2481200448
1973,48357793
1974,331418316
1975,2629722555
1976,14391096
1977,2642655806
1978,2185613491
1979,1587069900
1980,38077486
1981,2700210578
1982,277506943
1983,302841108
1984,52385172
1985,119702452
1986,382089157
1987,2837440844
1988,85058609
1989,2237387860
1990,767682734
1991,1096555944
1992,2851948027
1993,78740551
1994,770877740
1995,1290222685
1996,198700618
1997,33091144
1998,345604332
1999,414636996
2000,755116
2001,50901303
2002,2548562407
2003,378376315
2004,713834868
2005,144976887
2006,395041407
2007,386241819
2008,7004532
2009,549549339
2010,2487831288
2011,290436672
2012,2920067870
2013,180917373
2014,105985931
2015,325700101
2016,1192626410
2017,678033
2018,116324299
2019,708484592
2020,2859962410
2021,2871221026
2022,1490237024
2023,335080094
2024,164940888
2025,326845068
2026,332238901
2027,24725275
2028,709942544
2029,2339482580
2030,599895538
2031,635624617
2032,446034277
2033,104491100
2034,2724791731
2035,67849262
2036,2604530259
2037,1051543620
2038,2536750700
2039,274148412
2040,217433376
2041,573300206
2042,2151409268
2043,718590512
2044,15324749
2045,2285966798
2046,376585827
2047,24386710
2048,385226809
2049,93880467
2050,21634018
2051,2532019062
2052,3154356636
2053,423502824
2054,453052223
2055,554023026
2056,1534422504
2057,1966433113
2058,406828178
2059,2527442282
2060,121683806
2061,1461336158
2062,89699349
2063,966378990
2064,55431252
2065,191348890
2066,2246800628
2067,50683007
2068,313789678
2069,1343441293
2070,2585393083
2071,1583243996
2072,15833054
2073,147630373
2074,1270220785
2075,136799314
2076,81393070
2077,1268970468
2078,192378109
2079,1031984306
2080,367670418
2081,233783035
2082,763086512
2083,21127172
2084,2988136898
2085,3033627449
2086,231957917
2087,2830356956
2088,413655972
2089,1445605818
2090,15448383
2091,563067334
2092,1021608776
2093,151289371
2094,2967176515
2095,58789772
2096,2925459516
2097,767012412
2098,200048272
2099,76197665
2100,28140565
2101,1579195092
2102,565337747
2103,174256925
2104,444230710
2105,455105031
2106,381442087
2107,376588311
2108,444005925
2109,16408909
2110,2748423234
2111,332812639
2112,557270190
2113,985286364
2114,1680440839
2115,566099034
2116,31393396
2117,520178852
2118,1329916243
2119,1475800022
2120,1128650791
2121,2597219690
2122,324020939
2123,2810008564
2124,2744811814
2125,774665468
2126,483620211
2127,2321395147
2128,2392538984
2129,2394896371
2130,2478604735
2131,73689335
2132,343390796
2133,23571734
2134,215876019
2135,2951178467
2136,310674897
2137,2293511256
2138,1926394171
2139,2990948929
2140,349485739
2141,557639325
2142,415482571
2143,971629717
2144,881425310
2145,371832097
2146,412767501
2147,2229081645
2148,183760147
2149,109514123
2150,121905658
2151,268745865
2152,1046762064
2153,14196068
2154,1972385126
2155,1935516248
2156,318703449
2157,386541691
2158,332214689
2159,48806695
2160,80546103
2161,631912248
2162,1021811083
2163,450860458
2164,2534780916
2165,536684415
2166,169779207
2167,80988429
2168,2873556037
2169,129013638
2170,25184645
2171,22173597
2172,16527716
2173,34160482
2174,23871022
2175,291979854
2176,18459813
2177,156162429
2178,2914705158
2179,264593584
2180,277012671
2181,284320970
2182,2230646856
2183,1624512505
2184,31290927
2185,14716324
2186,3018133003
2187,2536663076
2188,468369974
2189,264538100
2190,323992737
2191,2593793134
2192,1888522045
2193,39232035
2194,4121091
2195,29536164
2196,379121297
2197,17557537
2198,2470063430
2199,185165914
2200,29485766
2201,1426860613
2202,176469051
2203,3018528922
2204,2679802405
2205,483910950
2206,145583439
2207,1365254774
2208,1382561
2209,581076810
2210,634907775
2211,1132139449
2212,3016254728
2213,438028155
2214,1214857692
2215,265123754
2216,2612731549
2217,349612774
2218,2728477495
2219,1029836556
2220,417335653
2221,2562324529
2222,1645989175
2223,2963287552
2224,308554579
2225,1963049964
2226,851327798
2227,2273691318
2228,1051181264
2229,1041021962
2230,2423280210
2231,518047763
2232,13381912
2233,1297400558
2234,298752527
2235,2808620294
2236,2642928863
2237,83377628
2238,2234967314
2239,559351369
2240,2982524516
2241,66949187
2242,2191484615
2243,339272938
2244,10866252
2245,141528557
2246,42772007
2247,2371328420
2248,704555046
2249,2978113041
2250,26970502
2251,39720245
2252,274313947
2253,43573115
2254,2770265184
2255,1977477584
2256,2381253750
2257,15279707
2258,1394692622
2259,2599346388
2260,199562994
2261,1658247169
2262,185738361
2263,1329806942
2264,250645562
2265,240362521
2266,2892945726
2267,1659545353
2268,63297174
2269,300469776
2270,2728674072
2271,18603088
2272,2973235579
2273,291477346
2274,876638474
2275,56914669
2276,14721932
2277,296805951
2278,3004254638
2279,197679939
2280,51381838
2281,294996484
2282,2634353643
2283,2267842723
2284,38199599
2285,184475850
2286,2904858613
2287,91941346
2288,1624666039
2289,2317290118
2290,380003598
2291,1882244610
2292,2903061989
2293,3008039238
2294,49007031
2295,91101811
2296,1051925516
2297,324242659
2298,701942407
2299,2367917076
2300,1093264681
2301,2469738596
2302,24801407
2303,27582887
2304,22126409
2305,72196532
2306,554002998
2307,17332562
2308,470394724
2309,88515231
2310,75506408
2311,110857330
2312,1552210417
2313,2912697002
2314,405281604
2315,2172356485
2316,1124364168
2317,238665139
2318,1297673149
2319,67775431
2320,110087402
2321,2645505073
2322,256741082
2323,1921565318
2324,30759478
2325,28687359
2326,2237494153
2327,14905688
2328,5445622
2329,870952818
2330,540207013
2331,206532639
2332,20219315
2333,118386377
2334,273185036
2335,2409935663
2336,82715141
2337,227055399
2338,2645323951
2339,71978714
2340,1662017995
2341,354206693
2342,80976396
2343,36080377
2344,468066235
2345,41825429
2346,319848813
2347,2780399189
2348,516091870
2349,797282894
2350,398297815
2351,401095177
2352,415062609
2353,2540542206
2354,715489820
2355,796614044
2356,2973161031
2357,18917949
2358,413588365
2359,1175296033
2360,1446131569
2361,1678138165
2362,3015346510
2363,17523808
2364,466825950
2365,36174874
2366,2585969946
2367,1662566360
2368,96535088
2369,46683993
2370,2545139917
2371,522559673
2372,15595027
2373,183247631
2374,389423471
2375,27679500
2376,378396759
2377,992557464
2378,377287901
2379,579805979
2380,15927815
2381,57791793
2382,48515636
2383,704248286
2384,374935732
2385,369869099
2386,2886504237
2387,87041753
2388,3080168171
2389,1552229736
2390,434269508
2391,2192700734
2392,16496132
2393,751950187
2394,1895160985
2395,735779108
2396,566576689
2397,33621311
2398,14969657
2399,840460058
2400,309461019
2401,2864310303
2402,58394645
2403,2310860028
2404,307710043
2405,1689431460
2406,595584728
2407,812919140
2408,965320657
2409,51746937
2410,26967415
2411,17608721
2412,268315167
2413,393792392
2414,621808223
2415,45550569
2416,2367193466
2417,54316606
2418,928613839
2419,1719992982
2420,27327680
2421,157683018
2422,2349578599
2423,12623352
2424,610956863
2425,108924595
2426,1939977158
2427,108197365
2428,276768643
2429,3054753656
2430,2430765828
2431,13126372
2432,1509307722
2433,562035970
2434,33894397
2435,1373257760
2436,2571493866
2437,68375375
2438,34116023
2439,460232733
2440,219437657
2441,2397197478
2442,727975226
2443,3005062355
2444,2781321025
2445,282727874
2446,17671779
2447,26061230
2448,17949945
2449,496673471
2450,171691600
2451,337287569
2452,16649872
2453,41950305
2454,193181766
2455,2211927324
2456,1191506041
2457,27292659
2458,270710696
2459,263842646
2460,293953135
2461,17718315
2462,127686814
2463,42339113
2464,68079069
2465,2613161077
2466,95748016
2467,2732654865
2468,1165440415
2469,2900215557
2470,491673056
2471,1352809994
2472,40368888
2473,13971722
2474,115576089
2475,2909148202
2476,276234513
2477,1683489438
2478,119235283
2479,48008292
2480,1894751762
2481,6296742
2482,153439655
2483,16142914
2484,137666026
2485,63830658
2486,2275376744
2487,274917389
2488,346094809
2489,2263565293
2490,466187896
2491,27746415
2492,166046142
2493,16109017
2494,192370109
2495,161634919
2496,1650551064
2497,130862744
2498,1450717308
2499,21622362
2500,82523340
2501,128909018
2502,1567482860
2503,17890482
2504,70142270
2505,806975
2506,2754428226
2507,278866572
2508,48587561
2509,1894144616
2510,2190783811
2511,52314977
2512,91752355
2513,17242852
2514,358748061
2515,125950650
2516,710518321
2517,1005131857
2518,2881579295
2519,148022818
2520,112850038
2521,268381386
2522,2568431617
2523,552147716
2524,62488487
2525,107821380
2526,2352634238
2527,34742971
2528,67044273
2529,49240687
2530,933709428
2531,50684694
2532,14980820
2533,956387852
2534,2265352238
2535,84302853
2536,834585751
2537,181896104
2538,30429133
2539,2484835231
2540,354010930
2541,49821514
2542,361417698
2543,2347555622
2544,38904230
2545,321162905
2546,2885778932
2547,850152661
2548,1117124389
2549,1319382349
2550,219379279
2551,1418869278
2552,2675560628
2553,2307118248
2554,378028393
2555,287582301
2556,2975968796
2557,167848621
2558,22600734
2559,429647166
2560,28414223
2561,345318456
2562,398789568
2563,157809852
2564,1484608740
2565,2498346724
2566,576821141
2567,378331017
2568,41171426
2569,1770131138
2570,2300612154
2571,258887314
2572,587826392
2573,2237769752
2574,101249734
2575,3024461758
2576,72266911
2577,101116311
2578,603962983
2579,1425600583
2580,3073377942
2581,8548002
2582,382041179
2583,2175037701
2584,107927301
2585,128058566
2586,566109750
2587,125541841
2588,400939896
2589,1265349745
2590,2351779201
2591,2917922532
2592,22278466
2593,2320619815
2594,243889998
2595,48292264
2596,554193148
2597,2957860783
2598,2417401095
2599,78271006
2600,1342734066
2601,14807739
2602,765917083
2603,135580279
2604,3158349782
2605,1282000328
2606,3161171948
2607,42434209
2608,19557634
2609,1732923944
2610,293743791
2611,497521332
2612,456426689
2613,2675983039
2614,593724411
2615,2431552699
2616,72704399
2617,36174865
2618,42642152
2619,581866430
2620,1220963168
2621,926785916
2622,64174539
2623,14290542
2624,1497216728
2625,20139449
2626,15367428
2627,2856856405
2628,468563131
2629,203036898
2630,2573468022
2631,301159074
2632,186855547
2633,604400674
2634,118620257
2635,26621229
2636,2408265245
2637,400412116
2638,2198399148
2639,52220699
2640,1925580938
2641,1009276267
2642,496168830
2643,2469581288
2644,72314098
2645,14824425
2646,50737284
2647,2235431615
2648,572969576
2649,152232092
2650,16257044
2651,405390450
2652,3031860812
2653,474513196
2654,1964599820
2655,2950734967
2656,338765440
2657,718902926
2658,2787096553
2659,2779701453
2660,1467888823
2661,2360148956
2662,319052259
2663,549181062
2664,352822866
2665,232165741
2666,2214188491
2667,1901595415
2668,47740610
2669,632239930
2670,62455773
2671,2973666916
2672,503771485
2673,15046379
2674,19335843
2675,188213023
2676,53102055
2677,2604252163
2678,2601649933
2679,420992602
2680,158038746
2681,134978414
2682,2573439865
2683,2690589608
2684,1377385290
2685,2234848961
2686,2260257427
2687,285442796
2688,2558169572
2689,20773759
2690,120082878
2691,1386890102
2692,70386350
2693,41463548
2694,2465687235
2695,72251507
2696,2425001424
2697,2910412508
2698,1036231855
2699,942553597
2700,847160485
2701,271277112
2702,33999110
2703,1223669587
2704,1537584360
2705,597513832
2706,16468451
2707,2267991852
2708,103562230
2709,398574599
2710,2855415019
2711,3123482607
2712,43136801
2713,17225810
2714,178748878
2715,770351910
2716,35558229
2717,1228015440
2718,17261097
2719,117343076
2720,556604880
2721,2456132306
2722,2917180058
2723,274577874
2724,55288629
2725,2722021425
2726,66177353
2727,36897295
2728,162663466
2729,2405965787
2730,574276150
2731,1536523513
2732,102050811
2733,260589544
2734,630850008
2735,15682749
2736,20640522
2737,67826760
2738,3069240720
2739,2500522076
2740,2762247044
2741,70797051
2742,2697793964
2743,47417665
2744,9427822
2745,146570170
2746,363613274
2747,551752143
2748,379274779
2749,75528474
2750,1315840890
2751,130424630
2752,31040071
2753,2748736419
2754,1676579581
2755,230732954
2756,713884879
2757,1123454828
2758,91086879
2759,19753816
2760,2887479128
2761,15914878
2762,2275755968
2763,1012081039
2764,2395918790
2765,120138281
2766,18995476
2767,973556936
2768,2688868016
2769,50688407
2770,755746
2771,30566308
2772,144973093
2773,153288354
2774,60287101
2775,2592104616
2776,345197864
2777,566057640
2778,241240275
2779,394281508
2780,50327694
2781,1174494985
2782,482517693
2783,214172784
2784,140033231
2785,2150270264
2786,1587037303
2787,22936398
2788,246621170
2789,46695342
2790,2331545711
2791,2337952426
2792,378239942
2793,1064807875
2794,2749027972
2795,292074926
2796,388052415
2797,157982762
2798,1395374546
2799,946966350
2800,102034928
2801,39030312
2802,1871678053
2803,47463837
2804,169492360
2805,76128745
2806,17372254
2807,142578786
2808,343176448
2809,220934062
2810,735482582
2811,17507350
2812,269137682
2813,10352582
2814,85782515
2815,205030249
2816,1048631647
2817,3150545196
2818,68406780
2819,1085834299
2820,769272692
2821,260037903
2822,612847186
2823,17748368
2824,2906062124
2825,29770248
2826,1972903574
2827,37060280
2828,49191725
2829,2752784274
2830,29115886
2831,1954448478
2832,1403928564
2833,1911524743
2834,195076965
2835,413461232
2836,1617515642
2837,219845841
2838,296178601
2839,2385910022
2840,62408560
2841,143397448
2842,514061230
2843,16644246
2844,551659692
2845,2209565230
2846,592252867
2847,84482024
2848,228599159
2849,386333906
2850,19620476
2851,187262210
2852,56477010
2853,557910814
2854,402694459
2855,3064106563
2856,124646986
2857,2376714811
2858,55769013
2859,38679217
2860,2644591095
2861,12287842
2862,636447931
2863,396523032
2864,1623348722
2865,476466052
2866,1894350486
2867,2473550875
2868,267314839
2869,954555510
2870,2312368014
2871,121386907
2872,2928010448
2873,472562576
2874,2923624055
2875,1087524055
2876,520282672
2877,463556269
2878,876297067
2879,107719682
2880,1705187497
2881,2472109537
2882,632681284
2883,3030129948
2884,75941893
2885,529668737
2886,2354237761
2887,2355847777
2888,68972661
2889,1375713390
2890,242746743
2891,56215804
2892,3093137437
2893,2433282997
2894,2805643019
2895,2384027766
2896,2337516668
2897,28962012
2898,1164265063
2899,1603988323
2900,3061140416
2901,1662025328
2902,1563989414
2903,407212798
2904,605543304
2905,1418870142
2906,1350382945
2907,30240322
2908,2911968423
2909,512740942
2910,2572621399
2911,2714844633
2912,101233985
2913,2436794876
2914,1630615782
2915,2542039813
2916,1816114694
2917,345964231
2918,1263018109
2919,104465372
2920,27785160
2921,177963867
2922,949874611
2923,432074602
2924,384195951
2925,28063382
2926,366081148
2927,21356765
2928,2953646722
2929,1559587477
2930,185914183
2931,2874745180
2932,1605128107
2933,2360728478
2934,17050665
2935,2243540185
2936,1170919316
2937,1348304756
2938,537886787
2939,2492386950
2940,25258953
2941,14764956
2942,604961774
2943,1331004654
2944,48174034
2945,15328663
2946,2808249208
2947,129190421
2948,1463789472
2949,169325249
2950,1672188043
2951,21131225
2952,1526070690
2953,346768232
2954,37794895
2955,131273125
2956,70336602
2957,2451796016
2958,1559643193
2959,563875863
2960,2998397201
2961,356241682
2962,1724424804
2963,2918891071
2964,60181291
2965,1053906362
2966,2324053074
2967,27570114
2968,601401812
2969,520977237
2970,177455411
2971,2290175136
2972,2971276314
2973,216305430
2974,130869969
2975,901875258
2976,888376710
2977,90229508
2978,40673360
2979,1860371966
2980,2528822924
2981,293853413
2982,6775342
2983,45186390
2984,632685533
2985,2544880153
2986,216940212
2987,177909572
2988,2417295295
2989,48896966
2990,552954961
2991,480104212
2992,88640630
2993,119597866
2994,296791685
2995,539128249
2996,531212295
2997,1588473198
2998,15318630
2999,281403145
3000,5820222
3001,175418591
3002,785080
3003,47161971
3004,200645756
3005,1918781300
3006,491630583
3007,2877874706
3008,1856665320
3009,3143250426
3010,122047987
3011,1040279917
3012,14443013
3013,523343938
3014,2193114259
3015,138492664
3016,2977476603
3017,471572791
3018,187248137
3019,149038171
3020,2966827845
3021,211087053
3022,853893720
3023,2711226669
3024,2273812328
3025,419912338
3026,1682290266
3027,73667093
3028,364100451
3029,1284040184
3030,365644240
3031,167639858
3032,633602151
3033,2932316017
3034,849335840
3035,1871454752
3036,257742584
3037,318548093
3038,2992735788
3039,533547779
3040,1414080518
3041,1315498382
3042,2159707566
3043,140018040
3044,3873101
3045,124112471
3046,1221296700
3047,100933746
3048,301845904
3049,2837952412
3050,161096641
3051,1554594109
3052,2619891104
3053,79168933
3054,20849470
3055,84536856
3056,912328232
3057,2406203877
3058,1965789655
3059,2326385024
3060,15084319
3061,2793360007
3062,1969038289
3063,292928265
3064,567591601
3065,1404817634
3066,264077065
3067,373174563
3068,322816704
3069,343263643
3070,1941490830
3071,86432824
3072,3140211968
3073,578727389
3074,43831327
3075,41779886
3076,181191283
3077,342527071
3078,245152155
3079,612711615
3080,2893155055
3081,1492049473
3082,114016831
3083,347709470
3084,2918581380
3085,599844379
3086,2419965872
3087,205218909
3088,2874966164
3089,2980901837
3090,121122678
3091,2910276853
3092,24503
3093,22903
3094,382393
3095,286543
3096,438023
3097,586003
3098,628563
3099,769985
3100,2007021
3101,2731681
3102,3909541
3103,5863152
3104,6082972
3105,6175692
3106,6196392
3107,6618042
3108,6677972
3109,7246122
3110,7527052
3111,7773732
3112,8029522
3113,9664862
3114,12179872
3115,12551742
3116,12700622
3117,12765892
3118,14321616
3119,14443340
3120,14561441
3121,15455450
3122,15453624
3123,15622858
3124,15788159
3125,15922136
3126,16002194
3127,16183526
3128,16303802
3129,16649518
3130,17085112
3131,17283453
3132,17421795
3133,17426567
3134,17844234
3135,17992531
3136,18721974
3137,18874774
3138,19706832
3139,19701419
3140,19973780
3141,20303000
3142,20542869
3143,20681942
3144,21133252
3145,22015162
3146,22521283
3147,22598920
3148,22596491
3149,22624920
3150,22710614
3151,22970058
3152,23770754
3153,24176877
3154,25046383
3155,25484842
3156,26261259
3157,27315878
3158,29742445
3159,31135311
3160,31379656
3161,33516491
3162,33679344
3163,34580222
3164,36286962
3165,37186955
3166,37204587
3167,39201963
3168,40337017
3169,43775439
3170,44358439
3171,44604091
3172,45110939
3173,45399578
3174,45562154
3175,45603460
3176,47588692
3177,47610275
3178,47708690
3179,49683347
3180,49726434
3181,49951518
3182,50594775
3183,50606585
3184,50650272
3185,51065893
3186,51169895
3187,52140322
3188,53400463
3189,56336047
3190,57573169
3191,58017998
3192,58436154
3193,60340425
3194,60490488
3195,63501503
3196,65402914
3197,67253599
3198,67887304
3199,68123840
3200,68800287
3201,68940614
3202,69575984
3203,70228722
3204,74861616
3205,76612795
3206,78845364
3207,82062642
3208,82118682
3209,84361482
3210,84543942
3211,84838434
3212,85850428
3213,86538176
3214,86626503
3215,86999643
3216,87029466
3217,90436636
3218,91696007
3219,93378883
3220,96114847
3221,96146127
3222,96360063
3223,96450599
3224,96454595
3225,96727791
3226,96737211
3227,98127075
3228,103087081
3229,105768989
3230,107193314
3231,107471115
3232,107991930
3233,108051742
3234,109651861
3235,109848907
3236,110177863
3237,111054613
3238,112232553
3239,112419862
3240,112986371
3241,113134931
3242,113971060
3243,114726248
3244,118241739
3245,121045001
3246,125622122
3247,125796953
3248,126065059
3249,126611558
3250,128857854
3251,129176007
3252,129515952
3253,131197741
3254,131202911
3255,131559802
3256,131636321
3257,132569641
3258,136368506
3259,139321563
3260,140527863
3261,142239909
3262,144226252
3263,145422178
3264,146215776
3265,149248959
3266,151607467
3267,152905850
3268,154197349
3269,154477852
3270,154547583
3271,156039467
3272,157042531
3273,157604170
3274,160557792
3275,163075114
3276,163479707
3277,167823878
3278,171640056
3279,171971541
3280,173411197
3281,174354016
3282,180573776
3283,180912768
3284,182511218
3285,183959464
3286,184048837
3287,184777483
3288,185178011
3289,185771893
3290,188047458
3291,188043254
3292,189152524
3293,192912616
3294,195763762
3295,196179205
3296,202220813
3297,202326763
3298,203583202
3299,204444302
3300,204808236
3301,207138462
3302,207490418
3303,210525855
3304,211462267
3305,213981500
3306,214967682
3307,215992174
3308,217232725
3309,220859239
3310,221964205
3311,222893837
3312,223007169
3313,225060606
3314,226576785
3315,226923750
3316,228711740
3317,233533428
3318,233890781
3319,234430637
3320,237886553
3321,238505344
3322,242272799
3323,248134718
3324,252679829
3325,254602977
3326,255499265
3327,257111136
3328,257400824
3329,264133279
3330,265017059
3331,265731317
3332,267989312
3333,271374532
3334,272121120
3335,272911207
3336,275183383
3337,276983152
3338,281234838
3339,282523842
3340,283013230
3341,286690782
3342,286841761
3343,290147254
3344,290494853
3345,290585680
3346,291949510
3347,297023247
3348,299618434
3349,303061039
3350,304268784
3351,312691936
3352,317336535
3353,321282277
3354,326716112
3355,328117388
3356,338966793
3357,342957744
3358,343931635
3359,344675728
3360,344780239
3361,344955391
3362,353254693
3363,353608206
3364,356979186
3365,359370934
3366,365993895
3367,370595287
3368,374138547
3369,378814988
3370,379176983
3371,379296310
3372,379728710
3373,381384396
3374,383145557
3375,384547005
3376,392094997
3377,393255100
3378,395890746
3379,397337275
3380,400741034
3381,400826236
3382,402034337
3383,405135128
3384,405611085
3385,406150965
3386,406923780
3387,407302551
3388,408637014
3389,409297732
3390,409503051
3391,410193975
3392,412604603
3393,421319874
3394,423410028
3395,423649561
3396,424920096
3397,425209420
3398,426932675
3399,428213157
3400,428259355
3401,428434740
3402,429414906
3403,433988089
3404,435045600
3405,437392860
3406,437721739
3407,550428173
3408,479506412
3409,440128266
3410,479815906
3411,724632068
3412,987245388
3413,442592200
3414,482148232
3415,446366385
3416,483227930
3417,483838785
3418,449195625
3419,995328134
3420,487275447
3421,453034522
3422,487880355
3423,754656198
3424,1001305494
3425,561814955
3426,766507921
3427,491275814
3428,491391312
3429,769388442
3430,564751387
3431,565292271
3432,493462829
3433,493919122
3434,462251578
3435,495378971
3436,464014539
3437,1017001452
3438,1018511592
3439,499717759
3440,573824373
3441,499933271
3442,469218793
3443,501066121
3444,469454275
3445,1028535421
3446,578266551
3447,504803459
3448,475246008
3449,475693524
3450,819790166
3451,477087533
3452,515405009
3453,515909793
3454,833089766
3455,834141984
3456,525408377
3457,526702246
3458,602758496
3459,866254687
3460,605521007
3461,536512353
3462,538395588
3463,607937852
3464,543301439
3465,543727249
3466,614249086
3467,893784643
3468,898218318
3469,899934248
3470,621508569
3471,622618462
3472,916815853
3473,919599445
3474,1147652996
3475,938775151
3476,947759960
3477,955966339
3478,960978096
3479,964327405
3480,971643848
3481,974434579
3482,982398253
3483,982457101
3484,982676647
3485,11990112
3486,14474989
3487,14867242
3488,15530118
3489,17498356
3490,19861856
3491,22407164
3492,22600059
3493,22840934
3494,22994885
3495,30638954
3496,31107779
3497,45434489
3498,47081262
3499,61728897
3500,72863207
3501,80849401
3502,96109716
3503,118197667
3504,133387350
3505,206326866
3506,240821668
3507,254497239
3508,294182639
3509,305476548
3510,333412049
3511,363161920
3512,397034400
3513,425767265
3514,425878819
3515,443896569
3516,488525613
3517,583885189
3518,588147020
3519,614133542
3520,780431689
3521,791830218
3522,821873300
3523,832044601
3524,890871740
3525,975603631
3526,980531466
3527,983033413
3528,1010894497
3529,39588706
3530,13972932
3531,90626911
3532,321257315
3533,3610511
3534,5656162
3535,5682702
3536,6067292
3537,6015122
3538,6140012
3539,6134312
3540,6684602
3541,7046912
3542,8072492
3543,8291932
3544,8858022
3545,8927532
3546,9351052
3547,9564632
3548,9939012
3549,9993142
3550,10492262
3551,11176152
3552,13260592
3553,14057516
3554,14112759
3555,14492555
3556,14709812
3557,14865840
3558,14958182
3559,15016610
3560,15271419
3561,15391421
3562,15836275
3563,16093829
3564,16591972
3565,16927266
3566,17654864
3567,17852114
3568,18173213
3569,18527544
3570,18671285
3571,18735790
3572,18800245
3573,19598248
3574,21102000
3575,21770069
3576,22015750
3577,22136015
3578,22203964
3579,22508731
3580,22627606
3581,23748269
3582,24352106
3583,24510304
3584,25442408
3585,26771352
3586,27241975
3587,27422705
3588,27636956
3589,27887098
3590,28313453
3591,28342883
3592,28363979
3593,28845598
3594,29500667
3595,29510629
3596,29646177
3597,30062603
3598,31102741
3599,31162918
3600,32025215
3601,32130104
3602,32204918
3603,33950570
3604,34355343
3605,34897604
3606,35737313
3607,36381609
3608,36727238
3609,37539436
3610,37733715
3611,37889070
3612,37922072
3613,38002859
3614,38223194
3615,38730407
3616,38972677
3617,39721490
3618,39748948
3619,41780152
3620,41785738
3621,42676920
3622,42754744
3623,43069058
3624,43870029
3625,43964510
3626,44042861
3627,44335261
3628,44451302
3629,45100798
3630,45307775
3631,45529357
3632,45778279
3633,46137662
3634,46334699
3635,47612213
3636,48034707
3637,48182327
3638,48652450
3639,48989220
3640,49044510
3641,49319803
3642,49341424
3643,49934607
3644,49977491
3645,50571065
3646,50589337
3647,50598277
3648,50619779
3649,50972738
3650,51005435
3651,51015996
3652,51037293
3653,51150318
3654,51738765
3655,51780170
3656,52157135
3657,53025684
3658,53027768
3659,53621838
3660,54556442
3661,54691030
3662,54864334
3663,54867711
3664,54911584
3665,55550359
3666,55590832
3667,55819049
3668,56326516
3669,56345134
3670,56466070
3671,56662794
3672,56706947
3673,56966762
3674,57365720
3675,57928664
3676,59083826
3677,59402800
3678,60508255
3679,61198155
3680,61452320
3681,61513445
3682,61794519
3683,62017536
3684,62364690
3685,63517006
3686,63822625
3687,64967572
3688,66092090
3689,67002064
3690,67006908
3691,69654626
3692,69843045
3693,69892452
3694,70735118
3695,71295474
3696,71336448
3697,71366031
3698,71495570
3699,71522541
3700,71582266
3701,72149178
3702,72314987
3703,72816504
3704,72967193
3705,73627373
3706,73799359
3707,74147053
3708,74156552
3709,74544145
3710,75270480
3711,75320990
3712,75386921
3713,75522479
3714,75777355
3715,76286424
3716,76982240
3717,77165019
3718,77243029
3719,77528520
3720,78116487
3721,78719596
3722,80000814
3723,81056258
3724,81218261
3725,81239268
3726,81352611
3727,81592426
3728,81680710
3729,81915249
3730,82068999
3731,82324675
3732,82837121
3733,83087554
3734,83236897
3735,83581269
3736,84114885
3737,84214494
3738,84426046
3739,84561646
3740,84596057
3741,85305729
3742,85637186
3743,85668015
3744,False
3745,85866409
3746,86036102
3747,86525417
3748,86612717
3749,86741673
3750,86981924
3751,87654715
3752,88528666
3753,89237976
3754,89734891
3755,91303893
3756,92225723
3757,92403540
3758,93259719
3759,94841494
3760,95008519
3761,95243555
3762,95452901
3763,96338067
3764,96586973
3765,98913291
3766,100459808
3767,100996879
3768,101503282
3769,102422355
3770,102760709
3771,103055195
3772,103304208
3773,104235671
3774,104566770
3775,104754590
3776,104775098
3777,104818930
3778,104897833
3779,105128951
3780,105429377
3781,105496654
3782,107216254
3783,107990833
3784,108148833
3785,108557681
3786,109079114
3787,110273768
3788,110439086
3789,110942781
3790,111354131
3791,111924058
3792,112745297
3793,113487244
3794,113746083
3795,114467204
3796,114541436
3797,115340992
3798,115349856
3799,115955798
3800,116190007
3801,116538160
3802,117463248
3803,117708359
3804,118024286
3805,118339229
3806,118898139
3807,119065059
3808,123582130
3809,123912727
3810,125088832
3811,126727689
3812,126737626
3813,128587032
3814,129214047
3815,129586152
3816,130766020
3817,131435310
3818,132104173
3819,132128902
3820,132182052
3821,132621562
3822,132888488
3823,132983450
3824,133447001
3825,134526134
3826,134803800
3827,135111235
3828,135248338
3829,135441917
3830,135525784
3831,135894129
3832,136692380
3833,137390297
3834,138322603
3835,138438793
3836,138529938
3837,140030010
3838,140191830
3839,141669233
3840,142238323
3841,142335653
3842,143990497
3843,144207876
3844,144305807
3845,148536610
3846,149278846
3847,150026364
3848,150983977
3849,151590831
3850,151602547
3851,151832482
3852,153094652
3853,153324815
3854,154267358
3855,154624409
3856,155845161
3857,157290467
3858,158859711
3859,159931202
3860,160883386
3861,161612145
3862,163025432
3863,163354973
3864,163932767
3865,164074870
3866,165042220
3867,165751518
3868,166094049
3869,168422352
3870,168761446
3871,170352080
3872,170384943
3873,170642321
3874,170649757
3875,170745775
3876,171422343
3877,173006814
3878,173164569
3879,173788566
3880,174747861
3881,174762418
3882,176362396
3883,181191549
3884,181477746
3885,182342223
3886,183148817
3887,183149280
3888,183201799
3889,183559621
3890,184812764
3891,185390609
3892,187185454
3893,187491410
3894,189179659
3895,190225727
3896,190569663
3897,190591610
3898,191391803
3899,191781461
3900,193657123
3901,194896850
3902,195322597
3903,195413637
3904,196514953
3905,196852073
3906,197336556
3907,198196003
3908,198418075
3909,198678682
3910,199147059
3911,199597851
3912,200293129
3913,200482073
3914,201012406
3915,202244649
3916,202555952
3917,203107523
3918,204299339
3919,204480603
3920,206615715
3921,209128079
3922,209559462
3923,209733883
3924,210459173
3925,210514893
3926,211487690
3927,211904475
3928,212175167
3929,212292079
3930,212724606
3931,212953427
3932,213061611
3933,215216086
3934,216361529
3935,216790973
3936,217350735
3937,218071279
3938,218092490
3939,219617010
3940,221690177
3941,221742699
3942,223533298
3943,223840972
3944,225045616
3945,225323618
3946,226197498
3947,226964193
3948,227817668
3949,228056042
3950,228708687
3951,229298733
3952,229758375
3953,231058132
3954,231377654
3955,232560751
3956,233245609
3957,233287464
3958,234715592
3959,240346934
3960,242064566
3961,242123621
3962,242301103
3963,242319331
3964,242341704
3965,243891976
3966,245306807
3967,245430145
3968,245953131
3969,245970658
3970,246208736
3971,246886628
3972,249122012
3973,249692862
3974,250171190
3975,250842076
3976,251313896
3977,251500925
3978,252516822
3979,252686122
3980,253281330
3981,254558097
3982,255656786
3983,256598881
3984,256689270
3985,257399906
3986,258762800
3987,259428725
3988,259773527
3989,259894552
3990,259934562
3991,260636096
3992,260693820
3993,261223538
3994,262100774
3995,262165317
3996,262199092
3997,262235136
3998,262328083
3999,262898875
4000,263278290
4001,264333523
4002,264801154
4003,265419912
4004,265529493
4005,268773741
4006,269535022
4007,270472440
4008,271032827
4009,272876921
4010,273686840
4011,274536794
4012,279139861
4013,279147035
4014,279211405
4015,279461605
4016,279557700
4017,279644158
4018,282738890
4019,283521316
4020,283906965
4021,284481700
4022,284657297
4023,285724171
4024,286790717
4025,286798567
4026,288148846
4027,288798453
4028,289859824
4029,290723075
4030,290734286
4031,291290779
4032,291314239
4033,291403211
4034,292565648
4035,292577710
4036,292912980
4037,293394867
4038,295168932
4039,295788103
4040,
4041,False
4042,295961505
4043,296876973
4044,298489056
4045,299837762
4046,300796010
4047,300838107
4048,302114763
4049,305386550
4050,305553835
4051,305551682
4052,307790129
4053,308151060
4054,308672071
4055,309800578
4056,310250028
4057,310401703
4058,310496499
4059,311394394
4060,311505461
4061,314030119
4062,314922007
4063,315436528
4064,318661130
4065,319054277
4066,319091474
4067,320880780
4068,321266890
4069,321281383
4070,322587980
4071,323379897
4072,323809354
4073,323937090
4074,324440293
4075,325551297
4076,326054560
4077,327397233
4078,327510902
4079,329008715
4080,329103684
4081,330202919
4082,330327779
4083,331312863
4084,331875962
4085,332389973
4086,332699729
4087,335208230
4088,335832794
4089,335837698
4090,336406661
4091,337161930
4092,338284756
4093,339058002
4094,340346783
4095,340364061
4096,340396112
4097,340951450
4098,341339579
4099,343307517
4100,343473585
4101,344525772
4102,346829273
4103,347274232
4104,348430064
4105,348981732
4106,349626625
4107,349929809
4108,350160058
4109,350244854
4110,350791585
4111,351555225
4112,353011489
4113,353768504
4114,354796858
4115,354818247
4116,355600495
4117,357129429
4118,358733502
4119,359926634
4120,360547500
4121,361097511
4122,361746019
4123,361784332
4124,362993719
4125,363251033
4126,364111442
4127,364277230
4128,364323869
4129,364776732
4130,364805437
4131,364851614
4132,365372541
4133,365383515
4134,365440652
4135,365622635
4136,365665311
4137,366116632
4138,368540321
4139,368579486
4140,369537903
4141,370193929
4142,370625229
4143,370850929
4144,373579998
4145,373947833
4146,374062715
4147,374488191
4148,375209946
4149,376677633
4150,376705770
4151,377304816
4152,377914761
4153,378009515
4154,379114417
4155,379260334
4156,380172348
4157,380319760
4158,381030516
4159,381666513
4160,381950248
4161,381960133
4162,382178634
4163,382271109
4164,383292062
4165,383387954
4166,383825758
4167,384753006
4168,384932218
4169,385868840
4170,386779723
4171,387718926
4172,387971079
4173,388348486
4174,388842116
4175,389400082
4176,389652102
4177,389715862
4178,390428793
4179,390730174
4180,390759955
4181,390972554
4182,391362651
4183,391526633
4184,391572279
4185,391614396
4186,391924068
4187,392210280
4188,392247237
4189,392676979
4190,393628023
4191,393980520
4192,394004577
4193,394007331
4194,394217175
4195,394628127
4196,394726610
4197,394814291
4198,395014721
4199,396173375
4200,396462550
4201,396515695
4202,396618509
4203,396625283
4204,396796142
4205,396898731
4206,396900261
4207,397236414
4208,397320325
4209,397324373
4210,397534181
4211,397629967
4212,398090733
4213,398442529
4214,399484359
4215,399572723
4216,400300086
4217,400546232
4218,400748069
4219,401423776
4220,401502696
4221,402866477
4222,402955893
4223,402979897
4224,403461794
4225,403766373
4226,404069171
4227,404987270
4228,405035087
4229,405140479
4230,405418046
4231,405574548
4232,406165467
4233,406162937
4234,406907214
4235,406962616
4236,407024811
4237,407101499
4238,407689676
4239,407844335
4240,407964674
4241,408087080
4242,408348854
4243,408466988
4244,409118790
4245,410044683
4246,410719897
4247,410941537
4248,411386883
4249,412112516
4250,412145728
4251,412240393
4252,412325725
4253,412601262
4254,413233876
4255,413255529
4256,413269532
4257,413296140
4258,413332388
4259,413917055
4260,414966228
4261,415021649
4262,415063303
4263,415630833
4264,415900150
4265,416157197
4266,416194495
4267,416351352
4268,416502198
4269,417280214
4270,417735070
4271,417770099
4272,417807946
4273,417833332
4274,418024172
4275,418046391
4276,418140622
4277,418153325
4278,418247241
4279,418584043
4280,418641071
4281,418762910
4282,418986680
4283,419617449
4284,419617600
4285,419672622
4286,420253558
4287,420995289
4288,421002902
4289,421847529
4290,422807985
4291,422830732
4292,423021992
4293,423613846
4294,424273053
4295,425223279
4296,425263052
4297,425380217
4298,425759519
4299,425840466
4300,425908255
4301,426044579
4302,426178907
4303,426531620
4304,427676471
4305,427674701
4306,428117425
4307,428202366
4308,428261162
4309,428263137
4310,428904234
4311,428981185
4312,429262110
4313,429718007
4314,429808930
4315,432377556
4316,432624274
4317,433304048
4318,433319326
4319,433546930
4320,433984610
4321,434460614
4322,434591482
4323,434731905
4324,434826176
4325,434832805
4326,435224000
4327,435327100
4328,435724709
4329,436612105
4330,436807160
4331,436961762
4332,437007483
4333,437363242
4334,437456557
4335,437783167
4336,438437579
4337,438484498
4338,438760662
4339,438756932
4340,439062828
4341,718684188
4342,478994018
4343,984297403
4344,439855752
4345,439875805
4346,479451474
4347,439972535
4348,440184518
4349,479677768
4350,440311767
4351,479725767
4352,722214212
4353,985509799
4354,551835101
4355,440691931
4356,551894180
4357,479832822
4358,986163288
4359,440858782
4360,722825599
4361,480279324
4362,552190256
4363,441483457
4364,986839782
4365,552577697
4366,552606214
4367,987068240
4368,442075220
4369,725675244
4370,480715104
4371,480790768
4372,726845964
4373,987656269
4374,553617306
4375,481632109
4376,481648575
4377,988985683
4378,444833485
4379,482086639
4380,554309481
4381,482131412
4382,482162835
4383,445345005
4384,482242692
4385,989639142
4386,445761780
4387,446143453
4388,733154665
4389,482981498
4390,446590484
4391,483073065
4392,446987691
4393,991254878
4394,555420716
4395,447241184
4396,483836463
4397,484179231
4398,556794851
4399,484613799
4400,993583230
4401,557215750
4402,485137549
4403,743284770
4404,557616612
4405,995452020
4406,485686619
4407,485713097
4408,450630648
4409,450747981
4410,450891761
4411,486198118
4412,451370524
4413,451397835
4414,558524379
4415,451597109
4416,486966473
4417,487416678
4418,750948720
4419,751241954
4420,452814756
4421,452828946
4422,453238264
4423,487969309
4424,753397160
4425,560223770
4426,1000486495
4427,560271082
4428,453885595
4429,488706826
4430,755737819
4431,454200724
4432,1001875776
4433,454318003
4434,454914980
4435,1002533372
4436,489345934
4437,455266133
4438,455340385
4439,455651875
4440,455775628
4441,455979285
4442,761723172
4443,762202957
4444,1004883073
4445,562125685
4446,1006095223
4447,456823762
4448,490625409
4449,765311754
4450,457775543
4451,491690867
4452,492177690
4453,564653953
4454,770176435
4455,492501987
4456,564963576
4457,459628045
4458,459646843
4459,459680754
4460,1010619756
4461,566141260
4462,460985875
4463,493847017
4464,461010838
4465,566374197
4466,493941903
4467,494006512
4468,1011395167
4469,461425627
4470,494262961
4471,494266249
4472,567056353
4473,567155716
4474,567510788
4475,495045945
4476,495053365
4477,False
4478,495077879
4479,462889040
4480,462971394
4481,568473793
4482,495507361
4483,495731957
4484,568955495
4485,463246965
4486,1014830304
4487,496144150
4488,463889910
4489,496295496
4490,496588802
4491,496968634
4492,464790896
4493,497125259
4494,497258691
4495,497302053
4496,465298629
4497,465431316
4498,465433625
4499,571938412
4500,498042431
4501,498054058
4502,787115406
4503,498358491
4504,466489818
4505,466686655
4506,498814013
4507,466712165
4508,498826553
4509,466756548
4510,1020696912
4511,498935613
4512,1022226144
4513,573690882
4514,573749510
4515,791874462
4516,792462121
4517,792517914
4518,468198674
4519,499996521
4520,574385968
4521,500246041
4522,794406714
4523,574488060
4524,794598979
4525,796144921
4526,501094162
4527,501128285
4528,469580096
4529,797833478
4530,470227974
4531,470232795
4532,470254611
4533,470379248
4534,800130746
4535,800457696
4536,502315142
4537,470868745
4538,502774039
4539,1030992019
4540,503051163
4541,471093612
4542,471203497
4543,1032386005
4544,503425054
4545,577422947
4546,1033055161
4547,471422290
4548,471826933
4549,578916985
4550,472765052
4551,473043012
4552,506055335
4553,1037103888
4554,1037384052
4555,506501965
4556,581136968
4557,474043803
4558,581407038
4559,1038384050
4560,1039093681
4561,813467726
4562,509056809
4563,583205235
4564,509320296
4565,510047880
4566,1041823142
4567,476800666
4568,585439502
4569,477006767
4570,1044916752
4571,512362882
4572,585849333
4573,477552640
4574,512455607
4575,585968039
4576,477824021
4577,586584556
4578,825336607
4579,513726022
4580,587326472
4581,587515464
4582,587569514
4583,827287514
4584,587665339
4585,1052685680
4586,515271142
4587,831741072
4588,834186096
4589,516737722
4590,516811154
4591,835249056
4592,835763546
4593,517073805
4594,1058497004
4595,517883021
4596,838292834
4597,591104103
4598,1059054242
4599,841859053
4600,592579646
4601,593546714
4602,845102904
4603,1064278820
4604,594583577
4605,594683175
4606,522925470
4607,1065760964
4608,594960544
4609,523331583
4610,523680032
4611,851233315
4612,524820621
4613,524836438
4614,1069178154
4615,597381176
4616,855282331
4617,1070682204
4618,856270100
4619,1071137462
4620,857857747
4621,1072217274
4622,528501469
4623,858836726
4624,599343100
4625,1074439423
4626,599940695
4627,600090702
4628,529563591
4629,529711103
4630,862068776
4631,862114981
4632,531280420
4633,601192738
4634,863369492
4635,601256893
4636,531442979
4637,602182097
4638,602212821
4639,1081092084
4640,533130509
4641,1082746016
4642,1082796816
4643,533552597
4644,1084115989
4645,868645789
4646,868757713
4647,868906542
4648,535140940
4649,1087095313
4650,1089449275
4651,1090138922
4652,1091884188
4653,875972814
4654,608022298
4655,877925696
4656,878747629
4657,1095958825
4658,1096575422
4659,880855315
4660,609496197
4661,882148280
4662,540803768
4663,1099363334
4664,610747900
4665,610861270
4666,610896066
4667,885222252
4668,611783684
4669,542151024
4670,612645350
4671,613523546
4672,889616856
4673,543842787
4674,1105975490
4675,545269203
4676,545291748
4677,546039069
4678,546367438
4679,546885822
4680,1111771471
4681,547141135
4682,618038687
4683,547477084
4684,900040604
4685,618382051
4686,547680256
4687,547811916
4688,548605379
4689,620243872
4690,1119028134
4691,621741580
4692,621971039
4693,622239105
4694,1124327604
4695,624420623
4696,624543149
4697,913455692
4698,914725128
4699,1129520276
4700,915739543
4701,1130868744
4702,917243564
4703,1132376958
4704,1133943835
4705,627845498
4706,918993840
4707,920600658
4708,1137300811
4709,629661106
4710,632045063
4711,924714103
4712,632296235
4713,632419314
4714,632742781
4715,632805096
4716,633105430
4717,928712431
4718,1151295038
4719,636107261
4720,930035833
4721,702445104
4722,934466887
4723,934949900
4724,705736374
4725,706819428
4726,707526853
4727,708429391
4728,938838264
4729,939438061
4730,939617401
4731,711216631
4732,714240744
4733,1168487113
4734,944648335
4735,944979661
4736,947255689
4737,1174404932
4738,1179541274
4739,951290342
4740,951523590
4741,953315216
4742,955497098
4743,1189056510
4744,955806343
4745,958530558
4746,961125284
4747,962847698
4748,964996225
4749,1205923694
4750,968446106
4751,970505658
4752,971576125
4753,1216631100
4754,1219155151
4755,1219247983
4756,974171288
4757,974190704
4758,974558708
4759,976068038
4760,977265403
4761,981556177
4762,407818010
4763,120720544
4764,187536784
4765,197602470
4766,207070244
4767,216522413
4768,259680844
4769,301919327
4770,517625408
4771,327900613
4772,522582939
4773,541037205
4774,549083012
4775,604758810
4776,835342567
4777,1092912044
4778,1126202310
4779,9011502
4780,52491055
4781,55532545
4782,16043064
4783,20308222
4784,33747826
4785,45314390
4786,48665791
4787,52108988
4788,83811813
4789,91866745
4790,111628975
4791,114849265
4792,154588620
4793,162092995
4794,168791182
4795,177299735
4796,179588209
4797,190383002
4798,197400952
4799,217533156
4800,222579656
4801,233959454
4802,248292381
4803,252688673
4804,255559955
4805,278618602
4806,295578583
4807,297012777
4808,318949971
4809,320669433
4810,327840186
4811,333960904
4812,337321477
4813,372460791
4814,382247829
4815,418633045
4816,425241854
4817,453285193
4818,469128515
4819,521131145
4820,529342153
4821,604518391
4822,630544784
4823,755745950
4824,806660965
4825,809654154
4826,922305175
4827,925532102
4828,929410398
4829,961773920
4830,1021876490
4831,1096419414
4832,1169114810
4833,1212975186
4834,1213937306
